{"cameraMode":{"drawMode":0,"name":"Shaded","section":"Shading Mode"},"sceneLighting":true,"audioPlay":false,"sceneViewState":{"m_AlwaysRefresh":false,"showFog":true,"showSkybox":true,"showFlares":true,"showImageEffects":true,"showParticleSystems":true,"showVisualEffectGraphs":true,"m_FxEnabled":true},"in2DMode":false,"pivot":{"x":-0.8690586090087891,"y":2.849104166030884,"z":-0.10920572280883789},"rotation":{"x":-0.006405526772141457,"y":0.9081498384475708,"z":-0.013904483057558537,"w":-0.4183655083179474},"size":8.902841567993164,"orthographic":false}