{"cameraMode":{"drawMode":0,"name":"Shaded","section":"Shading Mode"},"sceneLighting":false,"audioPlay":false,"sceneViewState":{"m_AlwaysRefresh":false,"showFog":true,"showSkybox":true,"showFlares":true,"showImageEffects":true,"showParticleSystems":true,"showVisualEffectGraphs":true,"m_FxEnabled":true},"in2DMode":false,"pivot":{"x":346.66497802734377,"y":-180.57888793945313,"z":1085.506591796875},"rotation":{"x":0.001210800721310079,"y":0.7406154870986939,"z":-0.6719282865524292,"w":0.0013328214408829809},"size":49.061161041259769,"orthographic":false}